Workbook

Sheet Varsayımlar
A1: FALCI Kredi ve Fal Başına Maliyet Modeli - 100.000 Günlük Kullanıcıya Kadar
A2: Kalem | B2: Birim | C2: Değer | D2: Not
A3: Kur | B3: USD/TRY | C3: 45.25 | D3: App içi TL karşılığı ve USD maliyet dönüşümü
A4: Kredi fiyatı | B4: TL / kredi | C4: 3 | D4: Kredi başı fiyat. Kullanıcı tarafında 3,00 TL gibi gösterilir.
A5: Fal başına kredi | B5: kredi | C5: 10 | D5: 1 kişiye özel fal kaç kredi
A6: Alternatif USD fal fiyatı | B6: USD | C6: 0.6 | D6: 0,60 USD/fal referans fiyatı
A7: Store komisyonu | B7: % | C7: 0.3 | D7: Her zaman %30 hesaplandı
A8: KDV/VAT | B8: % | C8: 0.2 | D8: Türkiye için %20 varsayım; ülkeye göre değişebilir
A9: Gelir/Kurumlar vergisi | B9: % | C9: 0.3 | D9: Basit model; gerçek muhasebe farklılaşabilir
A10: Input token | B10: token/fal | C10: 20000 | D10: Kişiye özel ağır fal varsayımı
A11: Output token | B11: token/fal | C11: 20000 | D11: Kişiye özel ağır fal varsayımı
A12: Gemini input fiyatı | B12: USD / 1M token | C12: 0.1 | D12: Gemini 2.5 Flash Lite varsayımı
A13: Gemini output fiyatı | B13: USD / 1M token | C13: 0.4 | D13: Gemini 2.5 Flash Lite varsayımı
A14: Gemini maliyet paranoya katsayısı | B14: x | C14: 3 | D14: Google faturasına güvenmeme tamponu
... A22: Token güvenlik katsayısı | B22: x | C22: 2 | D22: Rate-limit için tokenları 2x sayma

Sheet Fal Başı Ekonomi
A1: Fal Başına Birim Ekonomi
A2: Kalem | B2: Formül | C2: USD | D2: TL | E2: Açıklama
A3: Krediyle brüt satış fiyatı | B3: =kredi fiyatı x fal kredisi | C3: =Varsayımlar!C4*Varsayımlar!C5/Varsayımlar!C3 | D3: =Varsayımlar!C4*Varsayımlar!C5 | E3: 10 kredi x 3,00 TL
A4: 0,60 USD referans fiyatının TL karşılığı | B4: =0,60 x kur | C4: =Varsayımlar!C6 | D4: =Varsayımlar!C6*Varsayımlar!C3 | E4: Referans satış fiyatı
A5: KDV hariç gelir | B5: =brüt / (1 + KDV) | C5: =C3/(1+Varsayımlar!C8) | D5: =D3/(1+Varsayımlar!C8) | E5: Brüt fiyattan KDV/VAT ayrıldı
A6: Store sonrası gelir | B6: =KDV hariç x %70 | C6: =C5*(1-Varsayımlar!C7) | D6: =D5*(1-Varsayımlar!C7) | E6: %30 App Store / Play Store komisyonu
A7: Gemini baz maliyet | B7: =(input/1M x fiyat)+(output/1M x fiyat) | C7: =(Varsayımlar!C10/1000000*Varsayımlar!C12)+(Varsayımlar!C11/1000000*Varsayımlar!C13) | D7: =C7*Varsayımlar!C3 | E7: 20k input + 20k output
A8: Gemini paranoyak maliyet | B8: =baz x 3 | C8: =C7*Varsayımlar!C14 | D8: =C8*Varsayımlar!C3 | E8: Google faturasına 3x tampon
A9: Server paranoyak maliyet | B9: =baz server x 10 | C9: =Varsayımlar!C15*Varsayımlar!C16 | D9: =C9*Varsayımlar!C3 | E9: Server maliyeti 10x büyütüldü
A10: Toplam paranoyak maliyet | B10: =Gemini 3x + Server 10x | C10: =C8+C9 | D10: =D8+D9 | E10: Fal başına maliyet
A11: Vergi öncesi kâr | B11: =Store sonrası gelir - maliyet | C11: =C6-C10 | D11: =D6-D10 | E11: Gelir vergisi öncesi
A12: Gelir/Kurumlar vergisi | B12: =kâr x %30 | C12: =MAX(0,C11*Varsayımlar!C9) | D12: =MAX(0,D11*Varsayımlar!C9) | E12: Basit vergi varsayımı
A13: Net kâr | B13: =Vergi öncesi kâr - vergi | C13: =C11-C12 | D13: =D11-D12 | E13: Fal başına net kalan
A14: Net marj | B14: =Net kâr / brüt fiyat | C14: =C13/C3 | D14: =D13/D3 | E14: Brüt fiyat üzerinden
A15: Break-even brüt fiyat | B15: =maliyet / %70 / %70 x KDV | C15: =C10/((1-Varsayımlar!C7)*(1-Varsayımlar!C9))*(1+Varsayımlar!C8) | D15: =C15*Varsayımlar!C3 | E15: Net sıfır kâr için minimum satış

Sheet Kredi Paketleri
A1: Kredi Paketleri ve Fal Karşılığı
A2: Paket | B2: Kredi | C2: Fiyat TL | D2: Kredi başı TL | E2: Fal sayısı | F2: Fal başı TL | G2: Fal başı USD | H2: Not
A3: Mini | B3: 30 | C3: 99 | D3: =C3/B3 | E3: =B3/Varsayımlar!C5 | F3: =C3/E3 | G3: =F3/Varsayımlar!C3 | H3: Küçük deneme paketi
A4: Başlangıç | B4: 50 | C4: 199 | D4: =C4/B4 | E4: =B4/Varsayımlar!C5 | F4: =C4/E4 | G4: =F4/Varsayımlar!C3 | H4: İlk satın alma için
A5: Popüler | B5: 150 | C5: 549 | D5: =C5/B5 | E5: =B5/Varsayımlar!C5 | F5: =C5/E5 | G5: =F5/Varsayımlar!C3 | H5: Daha düşük kredi başı
A6: Avantajlı | B6: 350 | C6: 1199 | D6: =C6/B6 | E6: =B6/Varsayımlar!C5 | F6: =C6/E6 | G6: =F6/Varsayımlar!C3 | H6: Orta/ağır kullanıcı
A7: Büyük | B7: 750 | C7: 2399 | D7: =C7/B7 | E7: =B7/Varsayımlar!C5 | F7: =C7/E7 | G7: =F7/Varsayımlar!C3 | H7: En iyi birim fiyat
A8: Senin baz model | B8: 10 | C8: 30 | D8: =C8/B8 | E8: =B8/Varsayımlar!C5 | F8: =C8/E8 | G8: =F8/Varsayımlar!C3 | H8: 1 fal = 10 kredi x 3,00 TL

Sheet 100K Senaryolar
A1: Günlük Kullanıcı ve Fal Sayısı Senaryoları
A2: DAU | B2: Fal/Kullanıcı/Gün | C2: Fal/Gün | D2: Brüt Ciro TL/Gün | E2: Net Kâr TL/Gün | F2: Net Kâr TL/Ay | G2: Net Kâr USD/Ay | H2: Gemini+Server USD/Gün | I2: Raw Token/Gün | J2: Efektif Token/Gün | K2: Ortalama RPM | L2: Ortalama Efektif TPM | M2: Kapasite Durumu
A3: 1000 | B3: 1 | C3: =A3*B3 | D3: =C3*'Fal Başı Ekonomi'!D3 | E3: =C3*'Fal Başı Ekonomi'!D13 | F3: =E3*30 | G3: =F3/Varsayımlar!C3 | H3: =C3*'Fal Başı Ekonomi'!C10 | I3: =C3*(Varsayımlar!C10+Varsayımlar!C11) | J3: =I3*Varsayımlar!C22 | K3: =C3/1440 | L3: =J3/1440 | M3: =IF(OR(K3>Varsayımlar!C19*Varsayımlar!C21,L3>Varsayımlar!C20*Varsayımlar!C21),"Limit aşılır","Sığar")
A4: 1000 | B4: 3 | C4: =A4*B4 | D4: =C4*'Fal Başı Ekonomi'!D3 | E4: =C4*'Fal Başı Ekonomi'!D13 | F4: =E4*30 | G4: =F4/Varsayımlar!C3 | H4: =C4*'Fal Başı Ekonomi'!C10 | I4: =C4*(Varsayımlar!C10+Varsayımlar!C11) | J4: =I4*Varsayımlar!C22 | K4: =C4/1440 | L4: =J4/1440 | M4: =IF(OR(K4>Varsayımlar!C19*Varsayımlar!C21,L4>Varsayımlar!C20*Varsayımlar!C21),"Limit aşılır","Sığar")
A5: 1000 | B5: 5 | C5: =A5*B5 | D5: =C5*'Fal Başı Ekonomi'!D3 | E5: =C5*'Fal Başı Ekonomi'!D13 | F5: =E5*30 | G5: =F5/Varsayımlar!C3 | H5: =C5*'Fal Başı Ekonomi'!C10 | I5: =C5*(Varsayımlar!C10+Varsayımlar!C11) | J5: =I5*Varsayımlar!C22 | K5: =C5/1440 | L5: =J5/1440 | M5: =IF(OR(K5>Varsayımlar!C19*Varsayımlar!C21,L5>Varsayımlar!C20*Varsayımlar!C21),"Limit aşılır","Sığar")
A6: 1000 | B6: 10 | C6: =A6*B6 | D6: =C6*'Fal Başı Ekonomi'!D3 | E6: =C6*'Fal Başı Ekonomi'!D13 | F6: =E6*30 | G6: =F6/Varsayımlar!C3 | H6: =C6*'Fal Başı Ekonomi'!C10 | I6: =C6*(Varsayımlar!C10+Varsayımlar!C11) | J6: =I6*Varsayımlar!C22 | K6: =C6/1440 | L6: =J6/1440 | M6: =IF(OR(K6>Varsayımlar!C19*Varsayımlar!C21,L6>Varsayımlar!C20*Varsayımlar!C21),"Limit aşılır","Sığar")
A7: 5000 | B7: 1 | C7: =A7*B7 | D7: =C7*'Fal Başı Ekonomi'!D3 | E7: =C7*'Fal Başı Ekonomi'!D13 | F7: =E7*30 | G7: =F7/Varsayımlar!C3 | H7: =C7*'Fal Başı Ekonomi'!C10 | I7: =C7*(Varsayımlar!C10+Varsayımlar!C11) | J7: =I7*Varsayımlar!C22 | K7: =C7/1440 | L7: =J7/1440 | M7: =IF(OR(K7>Varsayımlar!C19*Varsayımlar!C21,L7>Varsayımlar!C20*Varsayımlar!C21),"Limit aşılır","Sığar")
A8: 5000 | B8: 3 | C8: =A8*B8 | D8: =C8*'Fal Başı Ekonomi'!D3 | E8: =C8*'Fal Başı Ekonomi'!D13 | F8: =E8*30 | G8: =F8/Varsayımlar!C3 | H8: =C8*'Fal Başı Ekonomi'!C10 | I8: =C8*(Varsayımlar!C10+Varsayımlar!C11) | J8: =I8*Varsayımlar!C22 | K8: =C8/1440 | L8: =J8/1440 | M8: =IF(OR(K8>Varsayımlar!C19*Varsayımlar!C21,L8>Varsayımlar!C20*Varsayımlar!C21),"Limit aşılır","Sığar")
A9: 5000 | B9: 5 | C9: =A9*B9 | D9: =C9*'Fal Başı Ekonomi'!D3 | E9: =C9*'Fal Başı Ekonomi'!D13 | F9: =E9*30 | G9: =F9/Varsayımlar!C3 | H9: =C9*'Fal Başı Ekonomi'!C10 | I9: =C9*(Varsayımlar!C10+Varsayımlar!C11) | J9: =I9*Varsayımlar!C22 | K9: =C9/1440 | L9: =J9/1440 | M9: =IF(OR(K9>Varsayımlar!C19*Varsayımlar!C21,L9>Varsayımlar!C20*Varsayımlar!C21),"Limit aşılır","Sığar")
A10: 5000 | B10: 10 | C10: =A10*B10 | D10: =C10*'Fal Başı Ekonomi'!D3 | E10: =C10*'Fal Başı Ekonomi'!D13 | F10: =E10*30 | G10: =F10/Varsayımlar!C3 | H10: =C10*'Fal Başı Ekonomi'!C10 | I10: =C10*(Varsayımlar!C10+Varsayımlar!C11) | J10: =I10*Varsayımlar!C22 | K10: =C10/1440 | L10: =J10/1440 | M10: =IF(OR(K10>Varsayımlar!C19*Varsayımlar!C21,L10>Varsayımlar!C20*Varsayımlar!C21),"Limit aşılır","Sığar")
A11: 10000 | B11: 1 | C11: =A11*B11 | D11: =C11*'Fal Başı Ekonomi'!D3 | E11: =C11*'Fal Başı Ekonomi'!D13 | F11: =E11*30 | G11: =F11/Varsayımlar!C3 | H11: =C11*'Fal Başı Ekonomi'!C10 | I11: =C11*(Varsayımlar!C10+Varsayımlar!C11) | J11: =I11*Varsayımlar!C22 | K11: =C11/1440 | L11: =J11/1440 | M11: =IF(OR(K11>Varsayımlar!C19*Varsayımlar!C21,L11>Varsayımlar!C20*Varsayımlar!C21),"Limit aşılır","Sığar")
A12: 10000 | B12: 3 | C12: =A12*B12 | D12: =C12*'Fal Başı Ekonomi'!D3 | E12: =C12*'Fal Başı Ekonomi'!D13 | F12: =E12*30 | G12: =F12/Varsayımlar!C3 | H12: =C12*'Fal Başı Ekonomi'!C10 | I12: =C12*(Varsayımlar!C10+Varsayımlar!C11) | J12: =I12*Varsayımlar!C22 | K12: =C12/1440 | L12: =J12/1440 | M12: =IF(OR(K12>Varsayımlar!C19*Varsayımlar!C21,L12>Varsayımlar!C20*Varsayımlar!C21),"Limit aşılır","Sığar")
A13: 10000 | B13: 5 | C13: =A13*B13 | D13: =C13*'Fal Başı Ekonomi'!D3 | E13: =C13*'Fal Başı Ekonomi'!D13 | F13: =E13*30 | G13: =F13/Varsayımlar!C3 | H13: =C13*'Fal Başı Ekonomi'!C10 | I13: =C13*(Varsayımlar!C10+Varsayımlar!C11) | J13: =I13*Varsayımlar!C22 | K13: =C13/1440 | L13: =J13/1440 | M13: =IF(OR(K13>Varsayımlar!C19*Varsayımlar!C21,L13>Varsayımlar!C20*Varsayımlar!C21),"Limit aşılır","Sığar")
A14: 10000 | B14: 10 | C14: =A14*B14 | D14: =C14*'Fal Başı Ekonomi'!D3 | E14: =C14*'Fal Başı Ekonomi'!D13 | F14: =E14*30 | G14: =F14/Varsayımlar!C3 | H14: =C14*'Fal Başı Ekonomi'!C10 | I14: =C14*(Varsayımlar!C10+Varsayımlar!C11) | J14: =I14*Varsayımlar!C22 | K14: =C14/1440 | L14: =J14/1440 | M14: =IF(OR(K14>Varsayımlar!C19*Varsayımlar!C21,L14>Varsayımlar!C20*Varsayımlar!C21),"Limit aşılır","Sığar")
A15: 25000 | B15: 1 | C15: =A15*B15 | D15: =C15*'Fal Başı Ekonomi'!D3 | E15: =C15*'Fal Başı Ekonomi'!D13 | F15: =E15*30 | G15: =F15/Varsayımlar!C3 | H15: =C15*'Fal Başı Ekonomi'!C10 | I15: =C15*(Varsayımlar!C10+Varsayımlar!C11) | J15: =I15*Varsayımlar!C22 | K15: =C15/1440 | L15: =J15/1440 | M15: =IF(OR(K15>Varsayımlar!C19*Varsayımlar!C21,L15>Varsayımlar!C20*Varsayımlar!C21),"Limit aşılır","Sığar")
A16: 25000 | B16: 3 | C16: =A16*B16 | D16: =C16*'Fal Başı Ekonomi'!D3 | E16: =C16*'Fal Başı Ekonomi'!D13 | F16: =E16*30 | G16: =F16/Varsayımlar!C3 | H16: =C16*'Fal Başı Ekonomi'!C10 | I16: =C16*(Varsayımlar!C10+Varsayımlar!C11) | J16: =I16*Varsayımlar!C22 | K16: =C16/1440 | L16: =J16/1440 | M16: =IF(OR(K16>Varsayımlar!C19*Varsayımlar!C21,L16>Varsayımlar!C20*Varsayımlar!C21),"Limit aşılır","Sığar")
A17: 25000 | B17: 5 | C17: =A17*B17 | D17: =C17*'Fal Başı Ekonomi'!D3 | E17: =C17*'Fal Başı Ekonomi'!D13 | F17: =E17*30 | G17: =F17/Varsayımlar!C3 | H17: =C17*'Fal Başı Ekonomi'!C10 | I17: =C17*(Varsayımlar!C10+Varsayımlar!C11) | J17: =I17*Varsayımlar!C22 | K17: =C17/1440 | L17: =J17/1440 | M17: =IF(OR(K17>Varsayımlar!C19*Varsayımlar!C21,L17>Varsayımlar!C20*Varsayımlar!C21),"Limit aşılır","Sığar")
A18: 25000 | B18: 10 | C18: =A18*B18 | D18: =C18*'Fal Başı Ekonomi'!D3 | E18: =C18*'Fal Başı Ekonomi'!D13 | F18: =E18*30 | G18: =F18/Varsayımlar!C3 | H18: =C18*'Fal Başı Ekonomi'!C10 | I18: =C18*(Varsayımlar!C10+Varsayımlar!C11) | J18: =I18*Varsayımlar!C22 | K18: =C18/1440 | L18: =J18/1440 | M18: =IF(OR(K18>Varsayımlar!C19*Varsayımlar!C21,L18>Varsayımlar!C20*Varsayımlar!C21),"Limit aşılır","Sığar")
A19: 50000 | B19: 1 | C19: =A19*B19 | D19: =C19*'Fal Başı Ekonomi'!D3 | E19: =C19*'Fal Başı Ekonomi'!D13 | F19: =E19*30 | G19: =F19/Varsayımlar!C3 | H19: =C19*'Fal Başı Ekonomi'!C10 | I19: =C19*(Varsayımlar!C10+Varsayımlar!C11) | J19: =I19*Varsayımlar!C22 | K19: =C19/1440 | L19: =J19/1440 | M19: =IF(OR(K19>Varsayımlar!C19*Varsayımlar!C21,L19>Varsayımlar!C20*Varsayımlar!C21),"Limit aşılır","Sığar")
A20: 50000 | B20: 3 | C20: =A20*B20 | D20: =C20*'Fal Başı Ekonomi'!D3 | E20: =C20*'Fal Başı Ekonomi'!D13 | F20: =E20*30 | G20: =F20/Varsayımlar!C3 | H20: =C20*'Fal Başı Ekonomi'!C10 | I20: =C20*(Varsayımlar!C10+Varsayımlar!C11) | J20: =I20*Varsayımlar!C22 | K20: =C20/1440 | L20: =J20/1440 | M20: =IF(OR(K20>Varsayımlar!C19*Varsayımlar!C21,L20>Varsayımlar!C20*Varsayımlar!C21),"Limit aşılır","Sığar")
A21: 50000 | B21: 5 | C21: =A21*B21 | D21: =C21*'Fal Başı Ekonomi'!D3 | E21: =C21*'Fal Başı Ekonomi'!D13 | F21: =E21*30 | G21: =F21/Varsayımlar!C3 | H21: =C21*'Fal Başı Ekonomi'!C10 | I21: =C21*(Varsayımlar!C10+Varsayımlar!C11) | J21: =I21*Varsayımlar!C22 | K21: =C21/1440 | L21: =J21/1440 | M21: =IF(OR(K21>Varsayımlar!C19*Varsayımlar!C21,L21>Varsayımlar!C20*Varsayımlar!C21),"Limit aşılır","Sığar")
A22: 50000 | B22: 10 | C22: =A22*B22 | D22: =C22*'Fal Başı Ekonomi'!D3 | E22: =C22*'Fal Başı Ekonomi'!D13 | F22: =E22*30 | G22: =F22/Varsayımlar!C3 | H22: =C22*'Fal Başı Ekonomi'!C10 | I22: =C22*(Varsayımlar!C10+Varsayımlar!C11) | J22: =I22*Varsayımlar!C22 | K22: =C22/1440 | L22: =J22/1440 | M22: =IF(OR(K22>Varsayımlar!C19*Varsayımlar!C21,L22>Varsayımlar!C20*Varsayımlar!C21),"Limit aşılır","Sığar")
A23: 75000 | B23: 1 | C23: =A23*B23 | D23: =C23*'Fal Başı Ekonomi'!D3 | E23: =C23*'Fal Başı Ekonomi'!D13 | F23: =E23*30 | G23: =F23/Varsayımlar!C3 | H23: =C23*'Fal Başı Ekonomi'!C10 | I23: =C23*(Varsayımlar!C10+Varsayımlar!C11) | J23: =I23*Varsayımlar!C22 | K23: =C23/1440 | L23: =J23/1440 | M23: =IF(OR(K23>Varsayımlar!C19*Varsayımlar!C21,L23>Varsayımlar!C20*Varsayımlar!C21),"Limit aşılır","Sığar")
A24: 75000 | B24: 3 | C24: =A24*B24 | D24: =C24*'Fal Başı Ekonomi'!D3 | E24: =C24*'Fal Başı Ekonomi'!D13 | F24: =E24*30 | G24: =F24/Varsayımlar!C3 | H24: =C24*'Fal Başı Ekonomi'!C10 | I24: =C24*(Varsayımlar!C10+Varsayımlar!C11) | J24: =I24*Varsayımlar!C22 | K24: =C24/1440 | L24: =J24/1440 | M24: =IF(OR(K24>Varsayımlar!C19*Varsayımlar!C21,L24>Varsayımlar!C20*Varsayımlar!C21),"Limit aşılır","Sığar")
A25: 75000 | B25: 5 | C25: =A25*B25 | D25: =C25*'Fal Başı Ekonomi'!D3 | E25: =C25*'Fal Başı Ekonomi'!D13 | F25: =E25*30 | G25: =F25/Varsayımlar!C3 | H25: =C25*'Fal Başı Ekonomi'!C10 | I25: =C25*(Varsayımlar!C10+Varsayımlar!C11) | J25: =I25*Varsayımlar!C22 | K25: =C25/1440 | L25: =J25/1440 | M25: =IF(OR(K25>Varsayımlar!C19*Varsayımlar!C21,L25>Varsayımlar!C20*Varsayımlar!C21),"Limit aşılır","Sığar")
A26: 75000 | B26: 10 | C26: =A26*B26 | D26: =C26*'Fal Başı Ekonomi'!D3 | E26: =C26*'Fal Başı Ekonomi'!D13 | F26: =E26*30 | G26: =F26/Varsayımlar!C3 | H26: =C26*'Fal Başı Ekonomi'!C10 | I26: =C26*(Varsayımlar!C10+Varsayımlar!C11) | J26: =I26*Varsayımlar!C22 | K26: =C26/1440 | L26: =J26/1440 | M26: =IF(OR(K26>Varsayımlar!C19*Varsayımlar!C21,L26>Varsayımlar!C20*Varsayımlar!C21),"Limit aşılır","Sığar")
A27: 100000 | B27: 1 | C27: =A27*B27 | D27: =C27*'Fal Başı Ekonomi'!D3 | E27: =C27*'Fal Başı Ekonomi'!D13 | F27: =E27*30 | G27: =F27/Varsayımlar!C3 | H27: =C27*'Fal Başı Ekonomi'!C10 | I27: =C27*(Varsayımlar!C10+Varsayımlar!C11) | J27: =I27*Varsayımlar!C22 | K27: =C27/1440 | L27: =J27/1440 | M27: =IF(OR(K27>Varsayımlar!C19*Varsayımlar!C21,L27>Varsayımlar!C20*Varsayımlar!C21),"Limit aşılır","Sığar")
A28: 100000 | B28: 3 | C28: =A28*B28 | D28: =C28*'Fal Başı Ekonomi'!D3 | E28: =C28*'Fal Başı Ekonomi'!D13 | F28: =E28*30 | G28: =F28/Varsayımlar!C3 | H28: =C28*'Fal Başı Ekonomi'!C10 | I28: =C28*(Varsayımlar!C10+Varsayımlar!C11) | J28: =I28*Varsayımlar!C22 | K28: =C28/1440 | L28: =J28/1440 | M28: =IF(OR(K28>Varsayımlar!C19*Varsayımlar!C21,L28>Varsayımlar!C20*Varsayımlar!C21),"Limit aşılır","Sığar")
A29: 100000 | B29: 5 | C29: =A29*B29 | D29: =C29*'Fal Başı Ekonomi'!D3 | E29: =C29*'Fal Başı Ekonomi'!D13 | F29: =E29*30 | G29: =F29/Varsayımlar!C3 | H29: =C29*'Fal Başı Ekonomi'!C10 | I29: =C29*(Varsayımlar!C10+Varsayımlar!C11) | J29: =I29*Varsayımlar!C22 | K29: =C29/1440 | L29: =J29/1440 | M29: =IF(OR(K29>Varsayımlar!C19*Varsayımlar!C21,L29>Varsayımlar!C20*Varsayımlar!C21),"Limit aşılır","Sığar")
A30: 100000 | B30: 10 | C30: =A30*B30 | D30: =C30*'Fal Başı Ekonomi'!D3 | E30: =C30*'Fal Başı Ekonomi'!D13 | F30: =E30*30 | G30: =F30/Varsayımlar!C3 | H30: =C30*'Fal Başı Ekonomi'!C10 | I30: =C30*(Varsayımlar!C10+Varsayımlar!C11) | J30: =I30*Varsayımlar!C22 | K30: =C30/1440 | L30: =J30/1440 | M30: =IF(OR(K30>Varsayımlar!C19*Varsayımlar!C21,L30>Varsayımlar!C20*Varsayımlar!C21),"Limit aşılır","Sığar")

Sheet Rate Limit Kapasite
A1: Gemini Rate Limit Kapasite Kontrolü
A2: Kalem | B2: Değer | C2: Birim | D2: Formül/Not
A3: Raw token / fal | B3: =Varsayımlar!C10+Varsayımlar!C11 | C3: token | D3: Input + output
A4: Efektif token / fal | B4: =B3*Varsayımlar!C22 | C4: token | D4: Rate-limit için 2x
A5: Güvenli RPM | B5: =Varsayımlar!C19*Varsayımlar!C21 | C5: request/dk | D5: %85 eşik
A6: Güvenli efektif TPM | B6: =Varsayımlar!C20*Varsayımlar!C21 | C6: token/dk | D6: %85 eşik
A7: TPM'e göre max fal/dk | B7: =B6/B4 | C7: fal/dk | D7: Token limitinden gelen tavan
A8: RPM'e göre max fal/dk | B8: =B5 | C8: fal/dk | D8: Request limitinden gelen tavan
A9: Gerçek max fal/dk | B9: =MIN(B7,B8) | C9: fal/dk | D9: Dar boğaz
A10: Gerçek max fal/gün | B10: =B9*1440 | C10: fal/gün | D10: Tek limit seti için
A11: 100K DAU x 10 fal/gün | B11: =100000*10 | C11: fal/gün | D11: İstenen üst senaryo
A12: Gereken kapasite çarpanı | B12: =B11/B10 | C12: x | D12: Kaç kat limit/proje/model kapasitesi gerekir

Sheet Kur Hassasiyeti
A1: Kur ve Kredi Fiyatı Hassasiyeti - Fal Başına Net Kâr TL
A2: Kur / Kredi TL | B2: 2.5 | C2: 3 | D2: 3.5 | E2: 4 | F2: 4.5 | G2: 5
A3: 45.25 | B3: 9.23 | C3: 11.27 | D3: 13.31 | E3: 15.35 | F3: 17.4 | G3: 19.44
A4: 50 | B4: 9.13 | C4: 11.17 | D4: 13.21 | E4: 15.25 | F4: 17.29 | G4: 19.33
A5: 60 | B5: 8.91 | C5: 10.95 | D5: 12.99 | E5: 15.04 | F5: 17.08 | G5: 19.12
A6: 70 | B6: 8.69 | C6: 10.74 | D6: 12.78 | E6: 14.82 | F6: 16.86 | G6: 18.9
A7: 80 | B7: 8.48 | C7: 10.52 | D7: 12.56 | E7: 14.6 | F7: 16.64 | G7: 18.69
A8: 90 | B8: 8.26 | C8: 10.3 | D8: 12.34 | E8: 14.39 | F8: 16.43 | G8: 18.47
A9: 100 | B9: 8.04 | C9: 10.09 | D9: 12.13 | E9: 14.17 | F9: 16.21 | G9: 18.25

Sheet Dashboard Taslağı
A1: Kullanıcı Harcama Dashboard'u İçin İzlenecek Veriler
A2: Alan | B2: Ne gösterir | C2: Kullanıcı faydası | D2: İş faydası
A3: Kalan kredi | B3: Satın alınan + bonus ayrımı | C3: Bütçe kontrolü | D3: Kredi ekonomisi şeffaflaşır
A4: Aylık harcama | B4: Bu ay harcanan kredi ve TL karşılığı | C4: Ne harcadığını görür | D4: Fiyat hassasiyeti ölçülür
A5: Fal türü dağılımı | B5: Tarot, kahve, astro, rüya vb. | C5: Kendi ilgisini fark eder | D5: Hangi modül gelir üretiyor görülür
A6: Profil bazlı harcama | B6: Hangi profil için kaç kredi | C6: Aile/pet/kendi profili ayrışır | D6: Profil bazlı LTV anlaşılır
A7: Follow-up harcaması | B7: İlk yorum ve soru maliyeti ayrımı | C7: Sürpriz maliyet azalır | D7: Follow-up pricing optimize edilir
A8: Bonus kredi geçmişi | B8: Nereden geldi, ne zaman biter | C8: Güven verir | D8: Bonus maliyeti kontrol edilir
A9: Tavsiye | B9: Daha uygun paket / daha ekonomik okuma | C9: Adil yönlendirme | D9: Marjı koruyan upsell

Sheet Notlar
A1: Model Notları
A2: Başlık | B2: Not
A3: Genel fallar | B3: Bu modelde genel fallar krediye dahil edilmedi. Genel fallar reklam/organik kullanım alanı olarak düşünülmeli.
A4: Kişiye özel fallar | B4: Kredi ekonomisinin ana gelir alanı kişiye özel fallar: kahve, el/pati, tarot, rüya, astro, numeroloji, ilişki/aile okuması.
A5: Vergi | B5: KDV/VAT ve gelir vergisi basitleştirilmiş hesaplandı. Store ülkesi, şirket ülkesi, fatura yapısı ve muhasebeye göre gerçek değer değişir.
A6: Store komisyonu | B6: Her zaman %30 alındı. Küçük geliştirici programları hesaba katılmadı.
A7: Paranoyak maliyet | B7: Gemini maliyeti 3x, server maliyeti 10x büyütüldü. Bu muhafazakâr karar fiyat tamponu için.
A8: Rate-limit | B8: 20k input + 20k output ve 2x token güvenlik katsayısı ile tek Gemini limit setinde günlük fal kapasitesi yaklaşık 153 bin fal/gün çıkar. 100K DAU x 10 fal/gün için limit artışı veya çoklu kapasite gerekir.
A9: Virgül/nokta | B9: Metinlerde Türkçe ondalık virgül kullanıldı. Sayısal hücreler Excel yerel ayarına göre virgüllü görünür.
